pais,region,pib_pc_ppp,gini,desempleo,gasto_educacion,participacion_fem
ARG,latam,20000.0,42.0,11.0,5.0,47.0
BOL,latam,8000.0,41.0,4.0,,63.0
BRA,latam,16000.0,53.0,9.0,6.0,54.0
CHL,latam,25000.0,44.0,9.0,5.0,52.0
COL,latam,15000.0,54.0,11.0,5.0,54.0
CRI,latam,20000.0,48.0,12.0,7.0,50.0
CUB,latam,,,,,
DOM,latam,18000.0,37.0,6.0,4.0,55.0
ECU,latam,11000.0,45.0,4.0,5.0,57.0
GTM,latam,9000.0,48.0,3.0,3.0,44.0
HND,latam,6000.0,48.0,5.0,,52.0
MEX,latam,21000.0,45.0,3.0,5.0,47.0
NIC,latam,6000.0,46.0,5.0,4.0,53.0
PAN,latam,28000.0,49.0,8.0,3.0,53.0
PER,latam,14000.0,41.0,7.0,4.0,68.0
PRY,latam,13000.0,45.0,6.0,3.0,62.0
SLV,latam,10000.0,38.0,4.0,4.0,51.0
URY,latam,23000.0,40.0,8.0,5.0,55.0
VEN,latam,8000.0,,,,
USA,referencia,65000.0,39.0,4.0,6.0,57.0
DEU,referencia,55000.0,31.0,3.0,5.0,55.0
NOR,referencia,80000.0,26.0,4.0,8.0,63.0
KOR,referencia,45000.0,31.0,3.0,5.0,54.0
ZAF,referencia,13000.0,63.0,33.0,6.0,46.0
NGA,referencia,5000.0,35.0,5.0,,48.0
IND,referencia,7000.0,35.0,8.0,4.0,22.0
CHN,referencia,18000.0,38.0,5.0,4.0,61.0
