pais,anio,inflacion
COL,2000,9.23
COL,2001,7.97
COL,2002,6.35
COL,2003,7.13
COL,2004,5.9
COL,2005,5.05
COL,2006,4.29
COL,2007,5.54
COL,2008,6.99
COL,2009,4.2
COL,2010,2.28
COL,2011,3.4
COL,2012,3.17
COL,2013,1.94
COL,2014,2.9
COL,2015,4.99
COL,2016,7.51
COL,2017,4.31
COL,2018,3.24
COL,2019,3.52
COL,2020,2.53
COL,2021,3.5
COL,2022,10.18
COL,2023,11.74
DOM,2000,7.73
DOM,2001,8.89
DOM,2002,10.53
DOM,2003,27.47
DOM,2004,51.49
DOM,2005,4.18
DOM,2006,7.57
DOM,2007,6.1
DOM,2008,10.62
DOM,2009,1.44
DOM,2010,6.32
DOM,2011,8.45
DOM,2012,3.68
DOM,2013,4.76
DOM,2014,3.01
DOM,2015,0.84
DOM,2016,1.68
DOM,2017,3.28
DOM,2018,3.72
DOM,2019,1.81
DOM,2020,3.78
DOM,2021,8.24
DOM,2022,8.81
DOM,2023,4.78
HND,2000,10.98
HND,2001,9.67
HND,2002,7.72
HND,2003,7.67
HND,2004,8.04
HND,2005,8.82
HND,2006,5.58
HND,2007,8.87
HND,2008,11.42
HND,2009,5.5
HND,2010,4.73
HND,2011,6.75
HND,2012,5.19
HND,2013,4.89
HND,2014,6.09
HND,2015,3.24
HND,2016,3.46
HND,2017,3.93
HND,2018,4.34
HND,2019,4.36
HND,2020,3.48
HND,2021,5.68
HND,2022,9.07
HND,2023,6.7
