folio_hogar,estado,num_integrantes,ingreso_mensual,edad_jefe_hogar,escolaridad_jefe,acceso_internet,gasto_alimentacion,vivienda_propia,ingreso_mensual_imp,ingreso_faltante
1001,Guanajuato,3.0,19633.138999064442,63.0,Posgrado,1,6990.466343382283,Rentada,19633.138999064442,0
1002,Oaxaca,5.0,19411.98112490635,51.0,Licenciatura,1,2116.5701923240445,No Especificado,19411.98112490635,0
1003,Estado de México,4.0,33177.059425477884,66.0,Sin Escolaridad,1,1809.1034248289902,Rentada,33177.059425477884,0
1004,Chiapas,2.0,,62.0,Primaria,0,3955.4487345618013,Propia,13907.259491674573,1
1005,Guanajuato,3.0,5345.6647481189,44.0,Primaria,0,2140.224851801081,Propia,5345.6647481189,0
1006,Nuevo León,4.0,21440.842144526883,43.0,Sin Escolaridad,,4357.958926691772,Propia,21440.842144526883,0
1007,Nuevo León,5.0,6591.505629264354,64.0,Secundaria,1,3366.920517346623,Propia,6591.505629264354,0
1008,Guanajuato,2.0,7634.994988617319,73.0,Sin Escolaridad,,1200.5721706353536,No Especificado,7634.994988617319,0
1009,Estado de México,2.0,9558.565046411997,80.0,Secundaria,0,7543.964516764357,Propia,9558.565046411997,0
1010,Chiapas,4.0,12220.436824039012,65.0,No Especificado,,8756.281468022586,Propia,12220.436824039012,0
1011,Oaxaca,5.0,3885.5494362971617,78.0,Primaria,1,2063.846566102014,No Especificado,3885.5494362971617,0
1012,Estado de México,2.0,32647.212378972177,43.0,Sin Escolaridad,0,2362.271804555568,Rentada,32647.212378972177,0
1013,Estado de México,1.0,5300.663455179726,53.0,Licenciatura,,3538.716021116891,Propia,5300.663455179726,0
1014,Nuevo León,6.0,,18.0,Licenciatura,0,3643.4054046071215,Prestada,13907.259491674573,1
1015,Veracruz,3.0,5431.869310341998,25.0,Posgrado,0,4425.446974838609,Propia,5431.869310341998,0
1016,Chiapas,3.0,37254.80855686481,69.0,Sin Escolaridad,0,9957.912330728315,Propia,37254.80855686481,0
1017,Jalisco,5.0,13059.391824200799,64.0,Posgrado,0,2680.695791502782,No Especificado,13059.391824200799,0
1018,Estado de México,4.0,3384.158112696994,73.0,Sin Escolaridad,1,1846.4527652586871,Rentada,3384.158112696994,0
1019,Veracruz,4.0,5800.102594689987,31.0,Primaria,1,1302.979003713736,Prestada,5800.102594689987,0
1020,Jalisco,2.0,38606.55403356293,45.0,No Especificado,1,1922.6158815166573,Propia,38606.55403356293,0
1021,Chiapas,3.0,19128.19950805912,19.0,Primaria,,2922.2928691019606,Propia,19128.19950805912,0
1022,Ciudad de México,4.0,12544.212126799062,43.0,Preparatoria,0,8749.35023826772,Propia,12544.212126799062,0
1023,Nuevo León,2.0,2267.858235302546,31.0,Sin Escolaridad,1,2185.1357212261914,No Especificado,2267.858235302546,0
1024,Veracruz,2.0,40605.26718890365,76.0,No Especificado,0,3409.33579910173,No Especificado,40605.26718890365,0
1025,Ciudad de México,,59655.350291759125,73.0,Primaria,,2951.728654701106,Propia,59655.350291759125,0
1026,Ciudad de México,3.0,51555.471624363134,24.0,Secundaria,,6081.678245358589,Prestada,51555.471624363134,0
1027,Nuevo León,2.0,8166.566376693344,20.0,Primaria,1,13577.366474296581,Rentada,8166.566376693344,0
1028,Nuevo León,,18146.61958743923,40.0,Posgrado,1,2167.8230413785095,Prestada,18146.61958743923,0
1029,Guanajuato,7.0,19805.457839324987,35.0,Posgrado,0,2222.385248844482,Rentada,19805.457839324987,0
1030,Oaxaca,3.0,3936.463062844138,55.0,Licenciatura,1,5577.503346137101,Propia,3936.463062844138,0
1031,Ciudad de México,5.0,15435.01647630604,32.0,Primaria,1,4487.87634192438,Rentada,15435.01647630604,0
1032,Nuevo León,2.0,31471.360453448364,81.0,Secundaria,1,9027.44260595548,No Especificado,31471.360453448364,0
1033,Chiapas,2.0,,45.0,No Especificado,0,4231.690811461459,Propia,13907.259491674573,1
1034,Nuevo León,4.0,,56.0,Primaria,,2402.883480853525,Propia,13907.259491674573,1
1035,Guanajuato,5.0,6700.302159182215,74.0,Primaria,1,4248.804373322665,Propia,6700.302159182215,0
1036,Chiapas,5.0,25146.529942099234,34.0,Secundaria,0,5797.732363934739,No Especificado,25146.529942099234,0
1037,Ciudad de México,3.0,22165.27047509456,61.0,Preparatoria,0,4877.0183034561505,Prestada,22165.27047509456,0
1038,Guanajuato,5.0,,42.0,Sin Escolaridad,0,4041.472637078406,No Especificado,13907.259491674573,1
1039,Jalisco,5.0,1871.9304122089184,34.0,Posgrado,1,5653.357038237701,Propia,1871.9304122089184,0
1040,Oaxaca,6.0,12566.305583149035,30.0,No Especificado,1,6012.388408154071,Propia,12566.305583149035,0
1041,Ciudad de México,4.0,8335.491108211656,42.0,Posgrado,0,6831.471627773522,No Especificado,8335.491108211656,0
1042,Jalisco,4.0,10523.425187544806,,No Especificado,1,4399.410935083754,No Especificado,10523.425187544806,0
1043,Nuevo León,3.0,,27.0,Licenciatura,1,2696.5518731573616,Propia,13907.259491674573,1
1044,Ciudad de México,3.0,29355.01958425896,84.0,No Especificado,1,3255.262549830518,Prestada,29355.01958425896,0
1045,Nuevo León,6.0,14513.789370235443,35.0,Posgrado,,6148.143097880966,Propia,14513.789370235443,0
1046,Chiapas,,16549.460983971334,51.0,No Especificado,1,1825.918811002509,Propia,16549.460983971334,0
1047,Jalisco,2.0,4564.890193728466,25.0,Preparatoria,0,3718.9772821810407,No Especificado,4564.890193728466,0
1048,Oaxaca,2.0,905.713996296405,57.0,Licenciatura,1,2354.2952684566376,Propia,905.713996296405,0
1049,Guanajuato,3.0,32821.31481880982,59.0,No Especificado,0,3032.816163528898,Propia,32821.31481880982,0
1050,Estado de México,3.0,74203.31839730541,58.0,Primaria,0,6419.343401630715,Propia,74203.31839730541,0
1051,Nuevo León,,10157.106684365823,23.0,Secundaria,,3343.1188604449226,No Especificado,10157.106684365823,0
1052,Ciudad de México,2.0,16308.661618517734,69.0,Secundaria,1,3065.18108715346,No Especificado,16308.661618517734,0
1053,Oaxaca,1.0,17319.95619748473,43.0,Secundaria,1,1318.2841918956024,No Especificado,17319.95619748473,0
1054,Jalisco,3.0,51033.34898816338,81.0,Secundaria,1,4664.575627155922,Prestada,51033.34898816338,0
1055,Estado de México,2.0,27205.853611120256,76.0,Primaria,1,4390.90444463751,Propia,27205.853611120256,0
1056,Oaxaca,3.0,19867.71609533097,73.0,Preparatoria,1,10915.650171330148,No Especificado,19867.71609533097,0
1057,Jalisco,4.0,13967.070425274942,76.0,Primaria,,2478.3122398375212,Rentada,13967.070425274942,0
1058,Veracruz,4.0,14019.24541627706,50.0,Sin Escolaridad,1,3399.8622551702933,Rentada,14019.24541627706,0
1059,Veracruz,2.0,4223.54762245028,70.0,No Especificado,0,3462.0985800889166,Propia,4223.54762245028,0
1060,Nuevo León,3.0,9830.154980047979,39.0,Secundaria,1,7680.746084619077,Propia,9830.154980047979,0
1061,Oaxaca,3.0,,38.0,Licenciatura,1,2815.295984642855,No Especificado,13907.259491674573,1
1062,Veracruz,4.0,,21.0,Primaria,1,3524.214718244371,Rentada,13907.259491674573,1
1063,Jalisco,2.0,,79.0,Posgrado,0,4292.986423861287,Propia,13907.259491674573,1
1064,Nuevo León,3.0,5213.976136177766,79.0,Sin Escolaridad,,3334.1247292170547,Propia,5213.976136177766,0
1065,Jalisco,,,41.0,Primaria,0,2280.4768191042513,Prestada,13907.259491674573,1
1066,Nuevo León,3.0,4148.884057145191,72.0,Primaria,0,3349.1236572249486,Propia,4148.884057145191,0
1067,Oaxaca,6.0,16846.63561754104,26.0,Primaria,1,5677.004806974176,Propia,16846.63561754104,0
1068,Estado de México,3.0,11501.353866237865,20.0,Secundaria,0,1610.163201694632,Prestada,11501.353866237865,0
1069,Guanajuato,3.0,3312.2129244787016,48.0,Posgrado,0,3228.5287093107986,Propia,3312.2129244787016,0
1070,Ciudad de México,4.0,31432.01887160244,57.0,Primaria,1,1958.4869915503018,Propia,31432.01887160244,0
1071,Estado de México,4.0,11718.309231845644,53.0,Secundaria,,6106.004909592841,Propia,11718.309231845644,0
1072,Chiapas,5.0,59196.7809349788,41.0,Primaria,0,1195.22276011292,Prestada,59196.7809349788,0
1073,Jalisco,2.0,43590.81281398502,23.0,Licenciatura,1,2131.6399491470042,No Especificado,43590.81281398502,0
1074,Chiapas,3.0,6610.5737395633505,83.0,No Especificado,1,3738.0790110277662,Rentada,6610.5737395633505,0
1075,Estado de México,3.0,7091.300407867155,21.0,Primaria,1,7625.967033811979,No Especificado,7091.300407867155,0
1076,Nuevo León,4.0,5231.317913584306,23.0,Licenciatura,,2865.6481770147684,Propia,5231.317913584306,0
1077,Ciudad de México,1.0,3754.9457070754274,68.0,Primaria,1,2136.406057810238,Rentada,3754.9457070754274,0
1078,Ciudad de México,,9530.555266291487,79.0,Primaria,0,9215.980266064655,Prestada,9530.555266291487,0
1079,Ciudad de México,3.0,,74.0,Sin Escolaridad,1,1250.366090415796,Prestada,13907.259491674573,1
1080,Ciudad de México,2.0,2887.2913841666295,83.0,Primaria,1,796.8898201649844,Rentada,2887.2913841666295,0
1081,Guanajuato,5.0,,25.0,Secundaria,0,3881.6231005659947,Propia,13907.259491674573,1
1082,Ciudad de México,4.0,24702.792266267075,43.0,Primaria,1,2205.6278032605032,Rentada,24702.792266267075,0
1083,Estado de México,7.0,20821.767551656507,68.0,Secundaria,,1615.27469297309,Propia,20821.767551656507,0
1084,Ciudad de México,2.0,24017.51636821016,62.0,Preparatoria,1,4559.708013721223,Propia,24017.51636821016,0
1085,Estado de México,3.0,5522.702314241903,61.0,Sin Escolaridad,,3450.520707209849,Prestada,5522.702314241903,0
1086,Estado de México,3.0,24569.41051190816,22.0,Preparatoria,1,2125.054698627797,Rentada,24569.41051190816,0
1087,Nuevo León,,8609.258343688194,43.0,Primaria,0,1382.733147038783,No Especificado,8609.258343688194,0
1088,Ciudad de México,1.0,,,Sin Escolaridad,1,5031.504868455084,No Especificado,13907.259491674573,1
1089,Estado de México,2.0,13987.653941466111,36.0,Preparatoria,0,4403.349176233437,Propia,13987.653941466111,0
1090,Nuevo León,2.0,6800.244280167467,37.0,Secundaria,1,2808.74904006163,No Especificado,6800.244280167467,0
1091,Nuevo León,2.0,39618.5731674013,29.0,Primaria,0,9027.061675657616,Rentada,39618.5731674013,0
1092,Ciudad de México,3.0,10624.551563006708,64.0,Preparatoria,1,1568.6162498793888,Rentada,10624.551563006708,0
1093,Chiapas,3.0,13856.175156718806,18.0,Secundaria,,1193.5470864925096,No Especificado,13856.175156718806,0
1094,Nuevo León,3.0,18239.478293981672,31.0,Secundaria,0,1968.1615409730068,Rentada,18239.478293981672,0
1095,Guanajuato,5.0,10786.811286514583,81.0,Primaria,0,2900.528933445638,Propia,10786.811286514583,0
1096,Nuevo León,6.0,12294.743669205254,55.0,Primaria,1,3449.565877825956,Propia,12294.743669205254,0
1097,Ciudad de México,1.0,26235.25033827874,54.0,Secundaria,0,2579.2614191535486,Propia,26235.25033827874,0
1098,Guanajuato,2.0,5692.716429947966,28.0,Primaria,,3682.080548738517,Propia,5692.716429947966,0
1099,Ciudad de México,4.0,7620.1340925847,20.0,Preparatoria,0,1406.8048462738407,Rentada,7620.1340925847,0
1100,Estado de México,3.0,6162.9519618023105,50.0,Licenciatura,,7088.710750520203,Propia,6162.9519618023105,0
1151,Nuevo León,2.0,,55.0,Licenciatura,1,4532.069639338845,Propia,13907.259491674573,1
1152,Guanajuato,1.0,,40.0,Secundaria,0,3774.756782961842,Prestada,13907.259491674573,1
1153,Veracruz,3.0,18600.99289934321,80.0,Preparatoria,1,5100.612614642384,No Especificado,18600.99289934321,0
1154,Estado de México,4.0,39091.90938430199,32.0,Secundaria,0,4363.819919136971,Propia,39091.90938430199,0
1155,Ciudad de México,1.0,1657.340672502223,42.0,Secundaria,,5595.576361937561,Propia,1657.340672502223,0
1156,Chiapas,6.0,7910.385322721074,34.0,Licenciatura,1,2162.1510747351635,Propia,7910.385322721074,0
1157,Ciudad de México,3.0,21482.4959502396,83.0,Posgrado,1,6571.099436296361,Propia,21482.4959502396,0
1158,Nuevo León,2.0,35251.10160458997,70.0,Posgrado,1,3356.183562206264,Propia,35251.10160458997,0
1159,Nuevo León,1.0,15716.884170551324,68.0,Primaria,,10354.293292731147,Prestada,15716.884170551324,0
1160,Estado de México,2.0,13900.195495433052,56.0,No Especificado,0,1971.3765008843313,No Especificado,13900.195495433052,0
1161,Veracruz,6.0,48458.48691866785,68.0,Secundaria,0,8447.098443361583,Rentada,48458.48691866785,0
1162,Estado de México,4.0,,23.0,Posgrado,0,3356.810244551684,Prestada,13907.259491674573,1
1163,Ciudad de México,3.0,6668.394800570293,84.0,Preparatoria,,2016.5616726069402,Prestada,6668.394800570293,0
1164,Oaxaca,4.0,14663.6773160285,24.0,Licenciatura,1,2229.8029550085876,Rentada,14663.6773160285,0
1165,Ciudad de México,3.0,17821.042512675518,68.0,Primaria,1,2459.6924851684253,Rentada,17821.042512675518,0
1166,Ciudad de México,4.0,52832.37788176085,59.0,Sin Escolaridad,,3844.8872889429213,Propia,52832.37788176085,0
1167,Nuevo León,1.0,,81.0,Primaria,1,4079.384070222255,Prestada,13907.259491674573,1
1168,Oaxaca,3.0,12297.350603612196,32.0,Sin Escolaridad,1,2112.8224732419444,Propia,12297.350603612196,0
1169,Guanajuato,2.0,15931.594037759616,46.0,Secundaria,1,2937.714698531705,Rentada,15931.594037759616,0
1170,Jalisco,1.0,2959.848041333259,50.0,Primaria,0,10779.07695571091,Rentada,2959.848041333259,0
1171,Nuevo León,2.0,28995.69900223729,44.0,Secundaria,0,8404.528124756418,No Especificado,28995.69900223729,0
1172,Ciudad de México,1.0,22394.848438704405,53.0,Preparatoria,1,3873.036880003469,Propia,22394.848438704405,0
1173,Chiapas,1.0,35232.53225587642,46.0,Primaria,0,3049.710926463165,Propia,35232.53225587642,0
1174,Ciudad de México,2.0,11905.557196318381,55.0,No Especificado,,3203.562644900856,Rentada,11905.557196318381,0
1175,Estado de México,,14800.74586619335,74.0,Sin Escolaridad,,4307.490589140059,Propia,14800.74586619335,0
1176,Ciudad de México,2.0,9089.992122652095,44.0,Secundaria,,1613.7637471431224,No Especificado,9089.992122652095,0
1177,Ciudad de México,1.0,5332.396682373102,72.0,No Especificado,1,2554.4036684924963,Propia,5332.396682373102,0
1178,Jalisco,4.0,8251.869318262488,50.0,Secundaria,0,1095.3722684639554,Rentada,8251.869318262488,0
1179,Jalisco,5.0,,,No Especificado,1,3787.7743148695818,Propia,13907.259491674573,1
1180,Veracruz,2.0,27769.24555973201,83.0,Primaria,,4395.416462252261,No Especificado,27769.24555973201,0
1181,Guanajuato,3.0,2345.125031691427,27.0,Primaria,0,2230.738828075312,No Especificado,2345.125031691427,0
1182,Chiapas,4.0,67894.7520230959,22.0,Licenciatura,1,7664.787426958715,Prestada,67894.7520230959,0
1183,Ciudad de México,1.0,3257.4451818209955,55.0,Secundaria,0,1428.7291219567749,Rentada,3257.4451818209955,0
1184,Ciudad de México,6.0,44351.90499770003,30.0,Secundaria,0,1238.151811170652,No Especificado,44351.90499770003,0
1185,Nuevo León,5.0,6461.112303399812,48.0,Posgrado,1,3410.6940767543674,Prestada,6461.112303399812,0
1186,Jalisco,2.0,20927.648406691977,64.0,Primaria,0,5587.342114262278,Prestada,20927.648406691977,0
1187,Chiapas,1.0,7317.636261698172,69.0,Secundaria,,8187.440517465389,Propia,7317.636261698172,0
1188,Nuevo León,6.0,50970.307053329416,73.0,Posgrado,,2263.504244977818,Propia,50970.307053329416,0
1189,Veracruz,3.0,13835.07252666894,32.0,Licenciatura,1,5694.229086873511,Prestada,13835.07252666894,0
1190,Guanajuato,3.0,31537.910517784378,46.0,No Especificado,,2912.8723007829326,Propia,31537.910517784378,0
1191,Oaxaca,4.0,14197.74505331481,25.0,Primaria,0,2687.6530510318,No Especificado,14197.74505331481,0
1192,Guanajuato,4.0,17718.560419619957,22.0,Secundaria,1,5065.438373493118,Propia,17718.560419619957,0
1193,Estado de México,6.0,,46.0,Primaria,0,4408.958298508923,No Especificado,13907.259491674573,1
1194,Ciudad de México,6.0,8751.853728507855,64.0,Posgrado,1,1157.6700722184744,Prestada,8751.853728507855,0
1195,Veracruz,5.0,4797.101198146412,,No Especificado,0,7229.493156322537,Prestada,4797.101198146412,0
1196,Estado de México,4.0,4716.005082667675,62.0,Primaria,1,6823.001880917462,No Especificado,4716.005082667675,0
1197,Chiapas,5.0,13914.323487916095,19.0,Secundaria,1,2048.088870658807,Propia,13914.323487916095,0
1198,Oaxaca,4.0,,44.0,Posgrado,0,3780.0107028916614,Propia,13907.259491674573,1
1199,Jalisco,3.0,2400.2173917266864,53.0,Primaria,1,4009.485114849335,Prestada,2400.2173917266864,0
1200,Veracruz,1.0,20137.781386233117,53.0,Posgrado,,3485.630620053834,Rentada,20137.781386233117,0
